{
    "mAP": 0.731692208626425,
    "precision": 0.731692208626425,
    "recall": 0.8738670694864048
}